{
    "camera": {
        "fieldOfView": 22.27373589884055,
        "from": [
            0.0,
            -30.0,
            15.0
        ],
        "to": [
            -4.107527118435428e-08,
            -29.060306549072266,
            14.657979965209961
        ],
        "up": [
            -1.4950176208117227e-08,
            0.3420201539993286,
            0.9396926164627075
        ]
    },
    "output": {
        "resolution": [
            1920,
            1080
        ]
    },
    "surface": [
        "scene.obj"
    ],
    "directionalLights": [
        {
            "direction": [
                0.6655480861663818,
                -0.2188393920660019,
                0.7135510444641113
            ],
            "radiance": [
                1.0,
                0.787266731262207,
                0.26633065938949585
            ]
        }
    ],
    "pointLights": [
        {
            "location": [
                0.0,
                -5.0,
                12.064800262451172
            ],
            "radiance": [
                636.6197723675814,
                305.09981219813335,
                358.64225887297516
            ]
        }
    ]
}